send recv	0.000053
send irecv	0.000053
isend irecv	0.000046
isend recv	0.000048
ssend recv	0.000071
ssend irecv	0.000087
sendrecv	0.000080
issend recv	0.000090
issend irecv	0.000092
